Blood_sugar,food_type,Recommended food,,,
30,0,"Breakfast: Candy
Meals:  Apple juice/Fat free milk
Dinner: Grape juice & dry fruits",,,
30,1,"Breakfast: Eggs & Veggies
Meals: Salmon salad
Dinner: Chicken soup",,,
31,0,"Breakfast: Whole wheat avocado toast
Meals:  Orange juice/Fat free milk
Dinner: Grape juice & dry fruits",,,
31,1,"Breakfast: Whole wheat pancake
Meals: Grilled fish
Dinner: Chicken soup",,,
32,0,"Breakfast: Peanut butter & crackers
Meals:  Beans & Whole grain toast
Dinner: Grape juice & dry fruits",,,
32,1,"Breakfast: Whole wheat pancake
Meals: Grilled chicken
Dinner: Chicken curry",,,
33,0,"Breakfast: Candy
Meals:   Strawberries/Fat free milk
Dinner: dry fruits",,,
33,1,"Breakfast: Sambled eggs
Meals: Salmon stir fry
Dinner: Chicken salad",,,
34,0,"Breakfast: Walnuts & berries
Meals: Spnich wrap
Dinner: dry fruits",,,
34,1,"Breakfast: Eggs
Meals: Rice & fish curry
Dinner: Grape juice & dry fruits",,,
35,0,"Breakfast: kiwi
Meals:  Gilled sweet corn
Dinner: chapathi & mushroom curry",,,
35,1,"Breakfast: Eggs & Veggies
Meals: Salmon & veg salad
Dinner: Baked chicken",,,
36,0,"Breakfast: Candy
Meals:  orange juice/Fat free milk
Dinner: berries & dry fruits",,,
36,1,"Breakfast: Whole wheat strawberrie pancake
Meals: Grilled sweet potato
Dinner: Chicken soup",,,
37,0,"Breakfast: Candy
Meals:  Apple juice/Fat free milk
Dinner: Grape juice & dry fruits",,,
37,1,"Breakfast: eggs muffins
Meals: Salmon stir fry
Dinner: Chickpeas salad",,,
38,0,"Breakfast: Baked green beans
Meals:  Apple juice
Dinner:Pita hummus",,,
38,1,"Breakfast: Eggs & Veggies
Meals: Salmon & veg salad
Dinner: Grilled chicken",,,
39,0,"Breakfast: kiwi
Meals:  Gilled sweet corn
Dinner: chapathi & mushroom curry",,,
39,1,"Breakfast: eggs
Meals: Grilled fish tacos
Dinner: Grape juice ",,,
40,0,"Breakfast: Apple
Meals:  watermelon juice
Dinner: Grape juice & dry fruits",,,
40,1,"Breakfast: Whole wheat strawberrie pancake
Meals: Grilled sweet potato
Dinner: Chicken soup",,,
41,0,"Breakfast: Baked green beans
Meals:  Apple juice
Dinner:Pita hummus",,,
41,1,"Breakfast: eggs
Meals: chicken salad
Dinner: Grape juice ",,,
42,0,"Breakfast: kiwi
Meals:  Fat free milk
Dinner: Rice & mushroom curry",,,
42,1,"Breakfast: Eggs & Veggies
Meals: Salmon salad
Dinner: Chicken soup",,,
43,0,"Breakfast: Candy
Meals:  milk
Dinner: Grape juice",,,
43,1,"Breakfast: eggs
Meals: chicken salad
Dinner: Grape juice ",,,
44,0,"Breakfast: kiwi
Meals:  veg soup
Dinner: Grape juice & dry fruits",,,
44,1,"Breakfast: eggs
Meals: Grilled fish tacos
Dinner: Grape juice ",,,
45,0,"Breakfast: Candy
Meals:  Apple juice/Fat free milk
Dinner: Grape juice & dry fruits",,,
45,1,"Breakfast: Whole wheat pancake
Meals: Grilled chicken
Dinner: Chicken curry",,,
46,0,"Breakfast: Candy
Meals:  bread & Orange juice
Dinner: dry fruits",,,
46,1,"Breakfast: eggs
Meals: Grilled fish tacos
Dinner: Grape juice ",,,
47,0,"Breakfast: Candy
Meals:  Apple juice/Fat free milk
Dinner: Grape juice & dry fruits",,,
47,1,"Breakfast: eggs
Meals:  banana juice/Fat free milk
Dinner: veg omelet",,,
48,0,"Breakfast: Candy
Meals:  Apple juice/Fat free milk
Dinner: Grape juice & dry fruits",,,
48,1,"Breakfast: Eggs & Veggies
Meals: Salmon salad
Dinner: Chicken soup",,,
49,0,"Breakfast: kiwi
Meals:  Fat free milk
Dinner: Grape juice",,,
49,1,"Breakfast: eggs
Meals: Grilled fish tacos
Dinner: Grape juice ",,,
50,0,"Breakfast: Candy
Meals:  Apple juice/Fat free milk
Dinner: Grape juice & dry fruits",,,
50,1,"Breakfast: eggs
Meals:  banana juice/Fat free milk
Dinner: veg omelet",,,
51,0,"Breakfast: veg soup
Meals:  Banana juice/Fat free milk
Dinner: orange juice & dry fruits",,,
51,1,"Breakfast: Whole wheat pancake
Meals: Grilled chicken
Dinner: Chicken curry",,,
52,0,"Breakfast: Peanut butter & crackers
Meals:  Beans & Whole grain toast
Dinner: Grape juice & dry fruits",,,
52,1,"Breakfast: Sambled eggs
Meals: Salmon stir fry
Dinner: Chicken salad",,,
53,0,"Breakfast: Candy
Meals:   Strawberries/Fat free milk
Dinner: dry fruits",,,
53,1,"Breakfast: eggs
Meals: Grilled fish tacos
Dinner: Grape juice ",,,
54,0,"Breakfast: Whole wheat pancake
Meals: Grilled sweet potato
Dinner: veg curry",,,
54,1,"Breakfast: Eggs
Meals: Rice & chicken curry
Dinner: Grape juice & dry fruits",,,
55,0,"Breakfast: kiwi
Meals:  Gilled sweet corn
Dinner: chapathi & mushroom curry",,,
55,1,"Breakfast: eggs
Meals: Grilled fish tacos
Dinner: Grape juice ",,,
56,0,"Breakfast: Candy
Meals:  orange juice/Fat free milk
Dinner: berries & dry fruits",,,
56,1,"Breakfast: eggs
Meals:  banana juice/Fat free milk
Dinner: veg omelet",,,
57,0,"Breakfast: Candy
Meals:  Apple juice/Fat free milk
Dinner: Grape juice & dry fruits",,,
57,1,"Breakfast: Eggs & Veggies
Meals: Salmon salad
Dinner: Chicken soup",,,
58,0,"Breakfast: Candy
Meals:  Apple juice
Dinner: dry fruits",,,
58,1,"Breakfast: eggs
Meals:  banana juice/Fat free milk
Dinner: veg omelet",,,
59,0,"Breakfast: Candy
Meals:  Apple juice/Fat free milk
Dinner: Grape juice & dry fruits",,,
59,1,"Breakfast: eggs
Meals:  Fat free milk
Dinner: Grape juice ",,,
60,0,"Breakfast: Apple
Meals:  watermelon juice
Dinner: Grape juice & dry fruits",,,
60,1,"Breakfast: eggs
Meals: Grilled fish tacos
Dinner: Grape juice ",,,
61,0,"Breakfast: kiwi
Meals:  Fat free milk
Dinner: Grape juice",,,
61,1,"Breakfast: eggs
Meals:  Banana juice/Fat free milk
Dinner: grilled salmon ",,,
62,0,"Breakfast: kiwi
Meals:  Fat free milk
Dinner: Rice & mushroom curry",,,
62,1,"Breakfast: Whole wheat pancake
Meals: Grilled chicken
Dinner: Chicken curry",,,
63,0,"Breakfast: Candy
Meals:  milk
Dinner: Grape juice",,,
63,1,"Breakfast: Eggs & Veggies
Meals: Salmon salad
Dinner: Chicken soup",,,
64,0,"Breakfast: kiwi
Meals:  veg soup
Dinner: Grape juice & dry fruits",,,
64,1,"Breakfast: eggs
Meals: Grilled fish tacos
Dinner: Grape juice ",,,
65,0,"Breakfast: Candy
Meals:  Apple juice/Fat free milk
Dinner: Grape juice & dry fruits",,,
65,1,"Breakfast: Whole wheat pancake
Meals: Grilled chicken
Dinner: Chicken curry",,,
66,0,"Breakfast: Candy
Meals:  bread & Orange juice
Dinner: dry fruits",,,
66,1,"Breakfast: Eggs & Veggies
Meals: Salmon salad
Dinner: Chicken soup",,,
67,0,"Breakfast: Apple
Meals:  watermelon juice
Dinner: Grape juice & dry fruits",,,
67,1,"Breakfast: eggs
Meals:  banana juice/Fat free milk
Dinner: Grape juice & dry fruits",,,
68,0,"Breakfast: Candy
Meals:  Apple juice/Fat free milk
Dinner: Grape juice & dry fruits",,,
68,1,"Breakfast: eggs
Meals:  banana juice/Fat free milk
Dinner: veg omelet",,,
69,0,"Breakfast: kiwi
Meals:  Fat free milk
Dinner: Grape juice",,,
69,1,"Breakfast: eggs
Meals: Grilled fish tacos
Dinner: Grape juice ",,,
70,0,"Breakfast: Candy
Meals:  Apple juice/Fat free milk
Dinner: Grape juice & dry fruits",,,
70,1,"Breakfast: eggs
Meals:  banana juice/Fat free milk
Dinner: Grape juice & dry fruits",,,
71,0,"Breakfast: veg soup
Meals:  Banana juice/Fat free milk
Dinner: orange juice & dry fruits",,,
71,1,"Breakfast: eggs
Meals: Grilled fish tacos
Dinner: Grape juice ",,,
72,0,"Breakfast: Peanut butter & crackers
Meals:  Beans & Whole grain toast
Dinner: Grape juice & dry fruits",,,
72,1,"Breakfast: Eggs & Veggies
Meals: Salmon salad
Dinner: Chicken soup",,,
73,0,"Breakfast: Candy
Meals:   Strawberries/Fat free milk
Dinner: dry fruits",,,
73,1,"Breakfast: eggs
Meals: Grilled fish tacos
Dinner: Grape juice ",,,
74,0,"Breakfast: veg soup
Meals:  Banana juice/Fat free milk
Dinner: orange juice & dry fruits",,,
74,1,"Breakfast: Eggs
Meals: Rice & Cauliflower curry
Dinner: Grape juice & dry fruits",,,
75,0,"Breakfast: kiwi
Meals:  Gilled sweet corn
Dinner: chapathi & mushroom curry",,,
75,1,"Breakfast: Whole wheat pancake
Meals: Grilled chicken
Dinner: Chicken curry",,,
76,0,"Breakfast: Candy
Meals:  orange juice/Fat free milk
Dinner: berries & dry fruits",,,
76,1,"Breakfast: eggs
Meals:  banana juice/Fat free milk
Dinner: Grape juice & dry fruits",,,
77,0,"Breakfast: Candy
Meals:  Apple juice/Fat free milk
Dinner: Grape juice & dry fruits",,,
77,1,"Breakfast: Sambled eggs
Meals: Salmon stir fry
Dinner: Chicken salad",,,
78,0,"Breakfast: Candy
Meals:  Apple juice
Dinner: dry fruits",,,
78,1,"Breakfast: Eggs
Meals: Rice & chicken curry
Dinner: Grape juice & dry fruits",,,
79,0,"Breakfast: Sambled eggs
Meals: Salmon stir fry
Dinner: Chicken salad",,,
79,1,"Breakfast: eggs
Meals:  Fat free milk
Dinner: Grape juice ",,,
80,0,"Breakfast: Apple
Meals:  watermelon juice
Dinner: Grape juice & dry fruits",,,
80,1,"Breakfast: Eggs & Veggies
Meals: Salmon salad
Dinner: Chicken soup",,,
81,0,"Breakfast: Whole wheat pancake
Meals: Grilled fish
Dinner: Chicken soup",,,
81,1,"Breakfast: eggs
Meals:  Banana juice/Fat free milk
Dinner: Grape juice ",,,
82,0,"Breakfast: kiwi
Meals:  Fat free milk
Dinner: Rice & mushroom curry",,,
82,1,"Breakfast: eggs muffins
Meals: Salmon stir fry
Dinner: Chickpeas salad",,,
83,0,"Breakfast: Candy
Meals:  milk
Dinner: Grape juice",,,
83,1,"Breakfast: eggs
Meals:  banana juice/Fat free milk
Dinner: veg omelet",,,
84,0,"Breakfast: kiwi
Meals:  veg soup
Dinner: Grape juice & dry fruits",,,
84,1,"Breakfast: eggs
Meals: Grilled fish tacos
Dinner: Grape juice ",,,
85,0,"Breakfast: Candy
Meals:  Apple juice/Fat free milk
Dinner: Grape juice & dry fruits",,,
85,1,"Breakfast: Whole wheat pancake
Meals: Grilled chicken
Dinner: Chicken curry",,,
86,0,"Breakfast: Candy
Meals:  bread & Orange juice
Dinner: dry fruits",,,
87,1,"Breakfast: eggs
Meals:  banana juice/Fat free milk
Dinner: Grape juice & dry fruits",,,
88,0,"Breakfast: Candy
Meals:  Apple juice/Fat free milk
Dinner: Grape juice & dry fruits",,,
88,1,"Breakfast: eggs
Meals:  Fat free milk
Dinner: Grape juice ",,,
89,0,"Breakfast: kiwi
Meals:  Fat free milk
Dinner: Grape juice",,,
89,1,"Breakfast: eggs
Meals:  banana juice/Fat free milk
Dinner: veg omelet",,,
90,0,"Breakfast: oats
Meals:  Beans & Whole grain toast
Dinner: Grape juice & dry fruits",,,
90,1,"Breakfast: eggs
Meals: Grilled fish tacos
Dinner: Grape juice ",,,
91,0,"Breakfast: veg soup
Meals: Mixed vegetable salad
Dinner: orange juice & dry fruits",,,
91,1,"Breakfast: Eggs
Meals: Rice & fish curry
Dinner: Grape juice & dry fruits",,,
92,0,"Breakfast: Peanut butter & crackers
Meals:  Beans & Whole grain toast
Dinner: Grape juice & dry fruits",,,
92,1,"Breakfast: Whole wheat pancake
Meals: Grilled chicken
Dinner: Chicken curry",,,
93,0,"Breakfast: Corn flakes
Meals: Fat free milk
Dinner: dry fruits",,,
93,1,"Breakfast: Eggs & Veggies
Meals: Salmon salad
Dinner: Chicken soup",,,
94,0,"Breakfast: Peanut butter & crackers
Meals:  Beans & Whole grain toast
Dinner: Grape juice & dry fruits",,,
94,1,"Breakfast: Eggs
Meals: Brown rice & chicken curry
Dinner: Grape juice & dry fruits",,,
95,0,"Breakfast: kiwi
Meals:  Gilled sweet corn
Dinner: Wheat chapathi & mushroom curry",,,
95,1,"Breakfast: cinnamon toast and yogurt
Meals: white chicken chili
Dinner: whole wheat grilled cheese",,,
96,0,"Breakfast: Corn flakes
Meals: veggie spring rolls
Dinner: mushroom soup",,,
96,1,"Breakfast: eggs
Meals: veggies & chicken pasta Salad
Dinner: Chana Dal Stir Fry",,,
97,0,"Breakfast: Methi paratha
Meals: Mixed vegetable salad
Dinner: Grape juice & dry fruits",,,
97,1,"Breakfast: Apple-walnut salad
Meals: grilled chicken wrape
Dinner: Avocado tuna salad",,,
98,0,"Breakfast: Vegetable soup
Meals:  Smoothies
Dinner: dry fruits",,,
98,1,"Breakfast: cucumber tomato salad
Meals: grilled chicken wrape
Dinner: corn soup",,,
99,0,"Breakfast: corn soup
Meals:  veggie spring rolls
Dinner: baked potato",,,
99,1,"Breakfast: eggs
Meals: Bajra dosa
Dinner: Broccoli salad lemon pepper chicken",,,
100,0,"Breakfast: Vegetable soup
Meals:  Smoothies
Dinner: Whole wheat spaghetti salad",,,
100,1,"Breakfast: eggs
Meals: chicken &barley soup
Dinner: Salad & Bitter-gourd juice",,,
101,0,"Breakfast: Vegetable soup
Meals:  Smoothies
Dinner: chickpeas salad",,,
101,1,"Breakfast: eggs
Meals:  multigrain roti
Dinner: tuna salad with chickpeas",,,
102,0,"Breakfast: bajara idly
Meals:  brown rice
Dinner: roti & mushroom curry",,,
102,1,"Breakfast: eggs
Meals: Bajra dosa
Dinner: Broccoli salad lemon pepper chicken",,,
103,0,"Breakfast: Wheat dosa
Meals:  veg salad
Dinner: roti & bitter gourd curry",,,
103,1,"Breakfast: cucumber tomato salad
Meals: grilled chicken wrape
Dinner: corn soup",,,
104,0,"Breakfast: eggs
Meals:  veg soup
Dinner: brown rice & veggies",,,
104,1,"Breakfast: cinnamon toast and yogurt
Meals: white chicken chili
Dinner: whole wheat grilled cheese",,,
105,0,"Breakfast: veg soup
Meals:  Apple juice/Fat free milk
Dinner:  wheat bread toast",,,
105,1,"Breakfast: Eggs
Meals: Brown rice & chicken curry
Dinner: Grape juice & dry fruits",,,
106,0,"Breakfast: oats
Meals: wheat bread & Orange juice
Dinner: roti",,,
106,1,"Breakfast: eggs
Meals: chicken curry and brown rice
Dinner: roti with chicken curry",,,
107,0,"Breakfast: oats
Meals:  multigrain dosa
Dinner: salad",,,
107,1,"Breakfast: 2 boiled eggs chicken soup
Meals: brown rice with fish curry  
Dinner: roti with egg curry",,,
108,0,"Breakfast: oats
Meals:  Beans & Whole grain toast
Dinner: Grape juice & dry fruits",,,
108,1,"Breakfast: chicken noodles
Meals: chicken currywith ragi roti
Dinner: salad & dry fruits",,,
109,0,"Breakfast: Peanut butter & crackers
Meals:  Beans & Whole grain toast
Dinner: Grape juice & dry fruits",,,
109,1,"Breakfast: chicken salad
Meals: spinach and grilled chicken
Dinner: boiled eggs curry with roti",,,
110,0,"Breakfast: vegetable soup
Meals: Brown rice & Cauliflower curry
Dinner: Grape juice & dry fruits",,,
110,1,"Breakfast: two boiled eggs
Meals:  Gilled chicken or fish fry
Dinner: Wheat chapathi & egg curry",,,
111,0,"Breakfast: cucumber and vegetable salad
Meals:  ragi ball with curry
Dinner: Chana Dal Stir Fry",,,
111,1,"Breakfast: salad with one egg
Meals: Methi paratha with egg curry
Dinner: dry fruits and salad",,,
112,0,"Breakfast: Vegetable soup
Meals:  Smoothies
Dinner: dry fruits",,,
112,1,"Breakfast: eggs and salad
Meals: Bajra dosa with fish  curry
Dinner:  whole wheat toast roti",,,
113,0,"Breakfast: veggis
Meals:   Multigrain Idly
Dinner: Salad & Bitter-gourd juice",,,
113,1,"Breakfast: egg toast
Meals:  roti and ragi roti
Dinner: paratha with fish curry",,,
114,0,"Breakfast: veg soup
Meals: Mixed vegetable salad
Dinner: orange juice & dry fruits",,,
114,1,"Breakfast: chicken soup
Meals:  roti with chicken curry
Dinner: eggs and dry fruits",,,
115,0,"Breakfast: Corn flakes
Meals: Fat free milk chapathi
Dinner: dry fruits and cucumber slices",,,
115,1,"Breakfast: 2 boiled Eggs
Meals: Brown rice & fish curry
Dinner: egg toast & dry fruits",,,
116,0,"Breakfast: kiwi
Meals:  Grilled sweet corn paratha with vegetable curry
Dinner: Wheat chapathi & mushroom curry",,,
116,1,"Breakfast: vegetable soup chicken soup
Meals:  ragi ball with chicken curry
Dinner: chicken Fry and roti",,,
117,0,"Breakfast: Methi paratha
Meals: Mixed vegetable salad and roti
Dinner: dry fruits and cucumber slices",,,
117,1,"Breakfast: chicken soup
Meals:  chicken curry with roti
Dinner: egg bread toast ",,,
118,0,"Breakfast: veggis salad
Meals: Bajra dosa with curry
Dinner:  whole wheat toast roti",,,
118,1,"Breakfast: two boiled eggs 
Meals:   Multigrain Idly with curry
Dinner: Salad & egg toast",,,
119,0,"Breakfast: apple
Meals:  Grilled sweet corn
Dinner: Wheat chapathi & mushroom curry",,,
119,1,"Breakfast: chicken soup
Meals:  fish curry and roti 
Dinner: chicken bread toast",,,
120,0,"Breakfast: Methi paratha
Meals: Mixed vegetable salad
Dinner: Grape juice & cucumber slices",,,
120,1,"Breakfast: egg bread toast
Meals: chicken curry and roti  
Dinner: dry fruits and salad",,,
121,0,"Breakfast: ragi malt or vegetable salad
Meals: Bajra dosa
Dinner:  whole wheat toast",,,
121,1,"Breakfast:  two boiled eggs
Meals:   Multigrain Idly and curry
Dinner:  chicken and bread toast",,,
122,0,"Breakfast: ragi malt
Meals:  multigrain roti
Dinner: salad and bitter gaurd juice",,,
122,1,"Breakfast:chicken soup
Meals:  brown rice with fish curry
Dinner: roti & egg curry",,,
123,0,"Breakfast: Wheat dosa
Meals:  veg salad
Dinner: roti & bitter gourd curry",,,
123,1,"Breakfast: two boiled eggs
Meals:  roti with chicken or fish curry
Dinner: dry fruits & salad",,,
124,0,"Breakfast: veg soup
Meals:  Apple juice/Fat free milk
Dinner:  wheat bread toast",,,
124,1,"Breakfast: ragi malt chicken soup
Meals: wheat bread chicken toast 
Dinner: roti with fish curry",,,
125,0,"Breakfast: ragi malt 
Meals: roti with vegetable curry
Dinner: salad",,,
125,1,"Breakfast: eggs 
Meals: roti with egg curry
Dinner: egg bread toast",,,
126,0,"Breakfast: kiwi
Meals:  Fat free milk roti
Dinner: Grape juice and dry fruits",,,
126,1,"Breakfast:egg bread toast
Meals:  roti with chicken curry
Dinner: boiled egg & dry fruits",,,
127,0,"Breakfast: veg soup
Meals: Mixed vegetable salad brown rice
Dinner: orange juice & dry fruits",,,
127,1,"Breakfast: chicken soup
Meals:  brown rice with egg curry
Dinner:boiled eggs  & dry fruits",,,
128,0,"Breakfast: Corn flakes
Meals: Fat free milk roti curry
Dinner: dry fruits and salad",,,
128,1,"Breakfast: egg bread toast
Meals: Brown rice & fish curry
Dinner: boiled egg & dry fruits",,,
129,0,"Breakfast: kiwi
Meals:  Grilled corn roti
Dinner: Wheat chapathi & mushroom curry",,,
129,1,"Breakfast:  two boiled eggs
Meals: roti and chicken curry 
Dinner: chicken bread toast",,,
130,0,"Breakfast: Methi paratha
Meals: Mixed vegetable salad brown rice
Dinner: Grape juice & dry fruits",,,
130,1,"Breakfast: chicken  soup
Meals:  bread egg toast
Dinner:  eggs and dry fruits",,,
131,0,"Breakfast: ragi malt
Meals: Bajra dosa with curry 
Dinner:  whole wheat toast",,,
131,1,"Breakfast: egg toast
Meals:   Multigrain Idly with chicken curry
Dinner: roti with egg curry",,,
132,0,"Breakfast: oats
Meals:  Beans & Whole grain toast
Dinner: Grape juice & dry fruits",,,
132,1,"Breakfast: chicken  soup
Meals: chicken curry with brown rice
Dinner: roti with egg curry",,,
133,0,"Breakfast: Peanut butter & crackers
Meals:  Beans & Whole grain toast
Dinner: Grape juice & dry fruits",,,
133,1,"Breakfast: eggs
Meals: Fat free milk roti chicken curry
Dinner: dry fruits egg toast",,,
134,0,"Breakfast: bitter gaurd juice or ragi malt
Meals: Brown rice & Cauliflower curry
Dinner: Grape juice & dry fruits",,,
134,1,"Breakfast: chicken soup
Meals:  Grilled chicke roti
Dinner: Wheat chapathi & chickencurry",,,
135,0,"Breakfast: methi paratha
Meals:  Cucumber Salad brown rice rasam
Dinner: Chana Dal Stir Fry",,,
135,1,"Breakfast: chicken soup or egg bread toast
Meals: ragi ball with chicken curry
Dinner: roti with curry",,,
136,0,"Breakfast: Vegetable soup
Meals:  Smoothies
Dinner: dry fruits",,,
136,1,"Breakfast: eggs
Meals: Bajra dosa and fish curry
Dinner:  whole wheat toast egg toast",,,
137,0,"Breakfast: ragi malt
Meals:   Multigrain Idly
Dinner: Salad & Bitter-gourd juice",,,
137,1,"Breakfast: boiled eggs
Meals:  roti with chicken curry
Dinner: Wheat chapathi & egg curry",,,
138,0,"Breakfast: bitter gaurd juice or cucumber salad
Meals: brown rice
Dinner: Chana Dal Stir Fry",,,
138,1,"Breakfast: boiled eggs
Meals: roti brown rice with fish curry
Dinner: egg bread toast",,,
139,0,"Breakfast: Vegetable soup
Meals:  Smoothies
Dinner: dry fruits",,,
139,1,"Breakfast: eggs
Meals: Bajra dosa with egg curry
Dinner:  whole wheat toast chicken soup",,,
140,0,"Breakfast: kiwi or vegetable soup
Meals:   Multigrain Idly
Dinner: Salad & Bitter-gourd juice",,,
140,1,"Breakfast: eggs
Meals:  multigrain roti with fish curry
Dinner: egg bread toast",,,
141,0,"Breakfast: bajara idly
Meals:  brown rice
Dinner: roti & mushroom curry",,,
141,1,"Breakfast: egg toast
Meals:  brown rice with fish curry
Dinner: roti & egg curry",,,
142,0,"Breakfast: bitter gaurd juice or amla juice
Meals:  veg soup
Dinner: brown rice & veggies",,,
142,1,"Breakfast: chicken soup
Meals:  roti with chicken or fish curry
Dinner:  egg bread toast",,,
143,0,"Breakfast: oats
Meals: wheat bread & Orange juice
Dinner: roti",,,
143,1,"Breakfast: eggs
Meals: paratha with egg curry
Dinner: boiled eggs and roti",,,
144,0,"Breakfast: kiwi
Meals:  multigrain dosa
Dinner: salad",,,
144,1,"Breakfast: two boiled eggs 
Meals:  brown rice and chicken curry
Dinner: egg or chicken bread toast",,,
145,0,"Breakfast: oats
Meals:  Beans & Whole grain toast
Dinner: Grape juice & dry fruits",,,
145,1,"Breakfast: chicken soup
Meals:roti with fish curry
Dinner:  dry fruits and egg toast",,,
146,0,"Breakfast: Peanut butter & crackers
Meals:  Beans & Whole grain toast
Dinner: Grape juice & dry fruits",,,
146,1,"Breakfast: two boiled eggs
Meals:brown rice with fish curry
Dinner:egg bread toast",,,
147,0,"Breakfast: bitter gaurd juice
Meals: Brown rice & Cauliflower curry
Dinner: Grape juice & dry fruits",,,
147,1,"Breakfast: egg bread toast
Meals:  Grilledchicken brown rice
Dinner: Wheat chapathi & egg curry",,,
148,0,"Breakfast: ragi malt
Meals:  roti with vegetable curry
Dinner: Chana Dal Stir Fry",,,
148,1,"Breakfast:boiled eggs
Meals: chicken curry brown rice
Dinner: egg bread toast",,,
149,0,"Breakfast: Vegetable soup
Meals:  Smoothies
Dinner: dry fruits",,,
149,1,"Breakfast: eggs
Meals: Bajra dosa and fish curry
Dinner:  whole wheat toast or egg bread toast",,,
150,0,"Breakfast: kiwi  amla juice
Meals:   Multigrain Idly
Dinner: Salad & Bitter-gourd juice",,,
150,1,"Breakfast: egg toast
Meals:  chicken curry with methi paratha
Dinner: egg bread toast",,,
151,0,"Breakfast: veg soup
Meals: Mixed vegetable salad
Dinner: orange juice & dry fruits",,,
151,1,"Breakfast: egg bread toast
Meals:  chicken roll or roti with curry
Dinner: boiled eggs and brown rice",,,
152,0,"Breakfast: Corn flakes
Meals: Fat free milk
Dinner: dry fruits",,,
152,1,"Breakfast: Eggs
Meals: Brown rice & Chicken curry
Dinner: dry fruits and boiled eggs",,,
153,0,"Breakfast: kiwi
Meals:  Grilled sweet corn
Dinner: Wheat chapathi & mushroom curry",,,
153,1,"Breakfast: eggs
Meals:  roti with curry
Dinner: boiled eggs or egg toast",,,
154,0,"Breakfast: Methi paratha
Meals: Mixed vegetable salad
Dinner: Grape juice & dry fruits",,,
154,1,"Breakfast: chicken  soup
Meals:  chicken roll or roti 
Dinner: boiled eggs or egg toast",,,
155,0,"Breakfast: bitter gaurd juice
Meals: Bajra dosa with  curry
Dinner:  dry fruits",,,
155,1,"Breakfast: eggs
Meals:   Multigrain Idly with fish curry
Dinner: Bitter-gourd juice and egg toast",,,
156,0,"Breakfast: kiwi
Meals: Salad
Dinner: Chapathi ",,,
156,1,"Breakfast: two boiled eggs
Meals: chicken roll
Dinner: Chapathi and chicken curry",,,
157,0,"Breakfast: Corn flakes
Meals: Water melon juice
Dinner: ragi roti & dal",,,
157,1,"Breakfast: chicken soup
Meals: roti with chicken curry
Dinner: egg Fry",,,
158,0,"Breakfast: Methi paratha
Meals: Mixed vegetable salad
Dinner: Chapathi and dal",,,
158,1,"Breakfast: two boiled eggs 
Meals: brown rice with fish fry
Dinner: dry fruits and egg toast",,,
159,0,"Breakfast: Bajra dosa
Meals: Salad & orange juice
Dinner: whole wheat toast",,,
159,1,"Breakfast: chicken soup
Meals:  egg roll or roti with egg curry
Dinner: Brown Rice &  chicken curry",,,
160,0,"Breakfast: Oats 
Meals:  Beans & Amla juice
Dinner: Brown Rice & Leaf curry",,,
160,1,"Breakfast: egg bread toast 
Meals:  chicken curry with roti
Dinner:dry fruits and chicken soup",,,
161,0,"Breakfast: Oats 
Meals:  Beans & Amla juice
Dinner: Brown Rice & Leaf curry",,,
161,1,"Breakfast: two boiled eggs 
Meals: brown rice with fish fry
Dinner: dry fruits and egg toast",,,
162,0,"Breakfast: Oats  or kiwi
Meals:  Beans 
Dinner: Brown Rice & curry",,,
162,1,"Breakfast: two boiled eggs 
Meals: brown rice with fish fry
Dinner: dry fruits and egg toast",,,
163,0,"Breakfast: vegetable soup
Meals: Bitter-gourd juice
Dinner: roti and dal",,,
163,1,"Breakfast: egg bread toast
Meals:  Grilledchicken brown rice
Dinner: Wheat chapathi & egg curry",,,
164,0,"Breakfast: Corn flakes
Meals: Salad & Bitter-gourd juice
Dinner: Chapathi and dal",,,
164,1,"Breakfast: egg bread toast
Meals:  Grilledchicken brown rice
Dinner: Wheat chapathi & egg curry",,,
165,0,"Breakfast: Oats Upma
Meals: Cucumber Salad
Dinner: Chana Dal Stir Fry",,,
165,1,"Breakfast: egg bread toast
Meals:  Grilledchicken brown rice
Dinner: Wheat chapathi & egg curry",,,
166,0,"Breakfast: Corn flakes
Meals: Salad & Bitter-gourd juice
Dinner: roti with curry",,,
166,1,"Breakfast: egg toast
Meals:  brown rice with fish curry
Dinner: roti & egg curry",,,
167,0,"Breakfast: Oats 
Meals:  Beans & Amla juice
Dinner: Brown Rice &  curry",,,
167,1,"Breakfast: egg toast
Meals:  brown rice with fish curry
Dinner: roti & egg curry",,,
168,0,"Breakfast: eggs
Meals:  oats
Dinner: Brown Rice & Leaf curry",,,
168,1,"Breakfast: egg toast
Meals:  brown rice with fish curry
Dinner: roti & egg curry",,,
169,0,"Breakfast: Oats 
Meals:  Beans & Amla juice
Dinner: Brown Rice & Leaf curry",,,
169,1,"Breakfast: eggs
Meals: Grilled fish tacos
Dinner: Grape juice ",,,
170,0,"Breakfast: Corn flakes
Meals: Salad & Bitter-gourd juice
Dinner: Chapathi and dal",,,
170,1,"Breakfast: eggs
Meals: Grilled fish tacos
Dinner: Grape juice ",,,
171,0,"Breakfast: kiwi
Meals:  Cucumber Salad
Dinner: Chana Dal Stir Fry",,,
171,1,"Breakfast: eggs
Meals: Grilled fish tacos
Dinner: Grape juice ",,,
172,0,"Breakfast: Vegetable soup
Meals:  Smoothies
Dinner: dry fruits",,,
172,1,"Breakfast: eggs
Meals: Bajra dosa with chicken curry
Dinner:  whole wheat toast or egg bread toast",,,
173,0,"Breakfast: bitter gaurd juice
Meals:   Multigrain Idly
Dinner: Salad & dry fruits",,,
173,1,"Breakfast: eggs
Meals: Bajra dosa with chicken curry
Dinner:  whole wheat toast or egg bread toast",,,
174,0,"Breakfast: Corn flakes
Meals: Bitter-gourd juice
Dinner: Chapathi and curry",,,
174,1,"Breakfast: eggs
Meals: Bajra dosa with chicken curry
Dinner:  whole wheat toast or egg bread toast",,,
175,0,"Breakfast: Oats Upma
Meals: Cucumber Salad
Dinner: Chana Dal Stir Fry",,,
175,1,"Breakfast: eggs
Meals: Bajra dosa with chicken curry
Dinner:  whole wheat toast or egg bread toast",,,
176,0,"Breakfast: Corn flakes
Meals: Salad & Bitter-gourd juice
Dinner: roti with curry",,,
176,1,"Breakfast: 2 boiled eggs chicken soup
Meals: brown rice with fish curry  
Dinner: roti with egg curry",,,
178,0,"Breakfast: Oats 
Meals:  Beans & Amla juice
Dinner: Brown Rice &  curry",,,
178,1,"Breakfast: 2 boiled eggs chicken soup
Meals: brown rice with fish curry  
Dinner: roti with egg curry",,,
179,0,"Breakfast: Oats 
Meals:  Beans & Amla juice
Dinner: Brown Rice & Leaf curry",,,
179,1,"Breakfast: 2 boiled eggs chicken soup
Meals: brown rice with fish curry  
Dinner: roti with egg curry",,,
180,0,"Breakfast: Oats 
Meals:  Amla juice
Dinner: Brown Rice & Tomato curry",,,
180,1,"Breakfast: 2 boiled eggs chicken soup
Meals: brown rice with fish curry  
Dinner: roti with egg curry",,,
181,0,"Breakfast: bitter gaurd juice
Meals:   Multigrain Idly
Dinner: Salad & dry fruits",,,
181,1,"Breakfast: chicken soup
Meals:  roti with chicken curry
Dinner: eggs and dry fruits",,,
182,0,"Breakfast: Corn flakes
Meals: veg Salad 
Dinner: Chapathi ",,,
182,1,"Breakfast: chicken noodles
Meals: chicken currywith ragi roti
Dinner: salad & dry fruits",,,
183,0,"Breakfast: Corn flakes
Meals: Salad & Water melon juice
Dinner: ragi rooti & dal",,,
183,1,"Breakfast: chicken noodles
Meals: chicken currywith ragi roti
Dinner: salad & dry fruits",,,
184,0,"Breakfast: Methi paratha
Meals: Mixed vegetable salad
Dinner: Chapathi and dal",,,
184,1,"Breakfast: chicken noodles
Meals: chicken currywith ragi roti
Dinner: salad & dry fruits",,,
185,0,"Breakfast: Bajra dosa
Meals: Salad & orange juice
Dinner: whole wheat toast",,,
185,1,"Breakfast: chicken noodles
Meals: chicken currywith ragi roti
Dinner: salad & dry fruits",,,
186,0,"Breakfast: Oats 
Meals:  Beans & Amla juice
Dinner: Brown Rice & Leaf curry",,,
186,1,"Breakfast: chicken noodles
Meals: chicken currywith ragi roti
Dinner: salad & dry fruits",,,
187,0,"Breakfast: Oats 
Meals:  Amla juice
Dinner: Brown Rice & Leaf curry",,,
187,1,"Breakfast: chicken noodles
Meals: chicken currywith ragi roti
Dinner: salad & dry fruits",,,
188,0,"Breakfast: wheat dosa
Meals:  Beans & Amla juice
Dinner: roti & Leaf curry",,,
188,1,"Breakfast: chicken noodles
Meals: chicken currywith ragi roti
Dinner: salad & dry fruits",,,
189,0,"Breakfast: kiwi
Meals:  Gilled sweet corn
Dinner: Wheat chapathi & mushroom curry",,,
189,1,"Breakfast: chicken noodles
Meals: chicken currywith ragi roti
Dinner: salad & dry fruits",,,
190,0,"Breakfast: kiwi
Meals:  Fat free milk
Dinner: Rice & mushroom curry",,,
190,1,"Breakfast: Eggs & Veggies
Meals: Salmon salad
Dinner: Chicken soup",,,
191,0,"Breakfast: kiwi
Meals:  Fat free milk
Dinner: Rice & mushroom curry",,,
191,1,"Breakfast: Eggs & Veggies
Meals: Salmon salad
Dinner: Chicken soup",,,
192,0,"Breakfast: kiwi
Meals:  Fat free milk
Dinner: Rice & mushroom curry",,,
192,1,"Breakfast: Corn flakes
Meals: Bitter-gourd juice
Dinner: Chapathi and currBreakfast: Eggs & Veggies
Meals: Salmon salad
Dinner: Chicken soup",,,
193,0,"Breakfast: kiwi
Meals:  Fat free milk
Dinner: Rice & mushroom curry",,,
193,1,"Breakfast: Eggs & Veggies
Meals: Salmon salad
Dinner: Chicken soup",,,
194,0,"Breakfast: Methi paratha
Meals: Mixed vegetable salad
Dinner: Chapathi and dal",,,
194,1,"Breakfast: Eggs & Veggies
Meals: Salmon salad
Dinner: Chicken soup",,,
195,0,"Breakfast: Bajra dosa
Meals: Salad & orange juice
Dinner: whole wheat toast",,,
195,1,"Breakfast: Eggs & Veggies
Meals: Salmon salad
Dinner: Chicken soup",,,
196,0,"Breakfast: Oats 
Meals:  Beans & Amla juice
Dinner: Brown Rice & Leaf curry",,,
196,1,"Breakfast: Eggs & Veggies
Meals: Salmon salad
Dinner: Chicken soup",,,
197,0,"Breakfast: Oats 
Meals:  Beans & Amla juice
Dinner: Brown Rice & Leaf curry",,,
197,1,"Breakfast: Eggs & Veggies
Meals: Salmon salad
Dinner: Chicken soup",,,
198,0,"Breakfast: kiwi
Meals:  Fat free milk
Dinner: Rice & mushroom curry",,,
198,1,"Breakfast: Eggs & Veggies
Meals: Salmon salad
Dinner: Chicken soup",,,
199,0,"Breakfast: kiwi
Meals:  Fat free milk
Dinner: Rice & mushroom curry",,,
199,1,"Breakfast: Eggs & Veggies
Meals: Salmon salad
Dinner: Chicken soup",,,
200,0,"Breakfast: Corn flakes
Meals: Salad & Bitter-gourd juice
Dinner: Chapathi and dal",,,
200,1,"Breakfast: Eggs & Veggies
Meals: Salmon salad
Dinner: Chicken soup",,,
201,0,"Breakfast: Oats Upma
Meals: Cucumber Salad
Dinner: Chana Dal Stir Fry",,,
201,1,"Breakfast: Eggs & Veggies
Meals: Salmon salad
Dinner: Chicken soup",,,
202,0,"Breakfast: Corn flakes
Meals: Salad & Bitter-gourd juice
Dinner: roti with curry",,,
202,1,"Breakfast: Bajra dosa
Meals: Salad & orange juice
Dinner: whole wheat toasBreakfast: Eggs & Veggies
Meals: Salmon salad
Dinner: Chicken soup",,,
203,0,"Breakfast: Oats 
Meals:  Beans & Amla juice
Dinner: Brown Rice &  curry",,,
203,1,"Breakfast: Whole wheat pancake
Meals: Grilled chicken
Dinner: Chicken curry",,,
204,0,"Breakfast: eggs
Meals:  oats
Dinner: Brown Rice & Leaf curry",,,
204,1,"Breakfast: Whole wheat pancake
Meals: Grilled chicken
Dinner: Chicken curry",,,
205,0,"Breakfast: Oats 
Meals:  Beans & Amla juice
Dinner: Brown Rice & Leaf curry",,,
205,1,"Breakfast: Whole wheat pancake
Meals: Grilled chicken
Dinner: Chicken curry",,,
206,0,"Breakfast: Corn flakes
Meals: Salad & Bitter-gourd juice
Dinner: Chapathi and dal",,,
206,1,"Breakfast: Whole wheat pancake
Meals: Grilled chicken
Dinner: Chicken curry",,,
207,0,"Breakfast: kiwi bitter gaurd juice
Meals: Fat free milk
Dinner: salad",,,
207,1,"Breakfast: Whole wheat pancake
Meals: Grilled chicken
Dinner: Chicken curry",,,
208,0,"Breakfast: kiwi
Meals:  Fat free milk
Dinner: Grape juice",,,
208,1,"Breakfast: Whole wheat pancake
Meals: Grilled chicken
Dinner: Chicken curry",,,
209,0,"Breakfast: veg soup
Meals: Mixed vegetable salad
Dinner: orange juice & dry fruits",,,
209,1,"Breakfast: Whole wheat pancake
Meals: Grilled chicken
Dinner: Chicken curry",,,
210,0,"Breakfast: Corn flakes
Meals: Fat free milk
Dinner: dry fruits",,,
210,1,"Breakfast: Whole wheat pancake
Meals: Grilled chicken
Dinner: Chicken curry",,,
211,0,"Breakfast: kiwi
Meals:  Gilled corn
Dinner: Wheat chapathi & mushroom curry",,,
211,1,"Breakfast: egg toast
Meals:  brown rice with fish curry
Dinner: roti & egg curry",,,
212,0,"Breakfast: Methi paratha
Meals: Mixed vegetable salad
Dinner: Grape juice & dry fruits",,,
212,1,"Breakfast: egg toast
Meals:  brown rice with fish curry
Dinner: roti & egg curry",,,
213,0,"Breakfast: eggs
Meals: Bajra dosa
Dinner:  whole wheat toast",,,
213,1,"Breakfast: egg toast
Meals:  brown rice with fish curry
Dinner: roti & egg curry",,,
214,0,"Breakfast: oats
Meals:  Beans & Whole grain toast
Dinner: Grape juice & dry fruits",,,
214,1,"Breakfast: egg toast
Meals:  brown rice with fish curry
Dinner: roti & egg curry",,,
215,0,"Breakfast: Peanut butter & crackers
Meals:  Beans & Whole grain toast
Dinner: Grape juice & dry fruits",,,
215,1,"Breakfast: egg toast
Meals:  brown rice with fish curry
Dinner: roti & egg curry",,,
216,0,"Breakfast: Eggs
Meals: Brown rice & Cauliflower curry
Dinner: Grape juice & dry fruits",,,
216,1,"Breakfast: kiwi
Meals:  Gilled sweet corn
Dinner: Wheat chapathi & mushroom currBreakfast: egg toast
Meals:  brown rice with fish curry
Dinner: roti & egg curry",,,
217,0,"Breakfast: ragi malt
Meals:  Cucumber Salad
Dinner: Chana Dal Stir Fry",,,
217,1,"Breakfast: egg toast
Meals:  brown rice with fish curry
Dinner: roti & egg curry",,,
218,0,"Breakfast: Vegetable soup
Meals:  Smoothies
Dinner: dry fruits",,,
218,1,"Breakfast: egg toast
Meals:  brown rice with fish curry
Dinner: roti & egg curry",,,
219,0,"Breakfast: eggs
Meals:   Multigrain Idly
Dinner: Salad & Bitter-gourd juice",,,
219,1,"Breakfast: egg toast
Meals:  brown rice with fish curry
Dinner: roti & egg curry",,,
220,0,"Breakfast: bitter gaurd juice
Meals: Fat free milk
Dinner: salad",,,
220,1,"Breakfast: egg toast
Meals:  brown rice with fish curry
Dinner: roti & egg curry",,,
221,0,"Breakfast: kiwi
Meals:  Fat free milk
Dinner: Grape juice",,,
221,1,"Breakfast: egg toast
Meals:  brown rice with fish curry
Dinner: roti & egg curry",,,
222,0,"Breakfast: veg soup
Meals: Mixed vegetable salad
Dinner: orange juice & dry fruits",,,
222,1,"Breakfast: egg toast
Meals:  brown rice with fish curry
Dinner: roti & egg curry",,,
223,0,"Breakfast: Corn flakes
Meals: Fat free milk
Dinner: dry fruits",,,
223,1,"Breakfast: egg toast
Meals:  brown rice with fish curry
Dinner: roti & egg curry",,,
224,0,"Breakfast: kiwi
Meals:  Gilled corn
Dinner: Wheat chapathi & mushroom curry",,,
224,1,"Breakfast: egg toast
Meals:  brown rice with fish curry
Dinner: roti & egg curry",,,
225,0,"Breakfast: Methi paratha
Meals: Mixed vegetable salad
Dinner: Grape juice & dry fruits",,,
225,1,"Breakfast: Eggs & Veggies
Meals: Salmon salad
Dinner: Chicken soup",,,
226,0,"Breakfast: amla juice
Meals: Bajra dosa
Dinner:  whole wheat toast",,,
226,1,"Breakfast: Eggs & Veggies
Meals: Salmon salad
Dinner: Chicken soup",,,
227,0,"Breakfast: oats
Meals:  Beans & Whole grain toast
Dinner: Grape juice & dry fruits",,,
227,1,"Breakfast: Eggs & Veggies
Meals: Salmon salad
Dinner: Chicken soup",,,
228,0,"Breakfast: Peanut butter & crackers
Meals:  Beans & Whole grain toast
Dinner: Grape juice & dry fruits",,,
228,1,"Breakfast: two boiled eggs
Meals: brown rice with chicken curry
Dinner: egg bread toast",,,
229,0,"Breakfast: apple amla juice
Meals: Brown rice & Cauliflower curry
Dinner: Grape juice & dry fruits",,,
229,1,"Breakfast: two boiled eggs
Meals: brown rice with chicken curry
Dinner: egg bread toast",,,
230,0,"Breakfast: vegetable salad
Meals:  Cucumber Salad
Dinner: Chana Dal Stir Fry",,,
230,1,"Breakfast: two boiled eggs
Meals: brown rice with chicken curry
Dinner: egg bread toast",,,
231,0,"Breakfast: Vegetable soup
Meals:  Smoothies
Dinner: dry fruits",,,
231,1,"Breakfast: two boiled eggs
Meals: brown rice with chicken curry
Dinner: egg bread toast",,,
232,0,"Breakfast: kiwi
Meals:   Multigrain Idly
Dinner: Salad & Bitter-gourd juice",,,
232,1,"Breakfast: two boiled eggs
Meals: brown rice with chicken curry
Dinner: egg bread toast",,,
233,0,"Breakfast: bitter gaurd juice
Meals: Bajra dosa
Dinner:  whole wheat toast",,,
233,1,"Breakfast: two boiled eggs
Meals: brown rice with chicken curry
Dinner: egg bread toast",,,
234,0,"Breakfast: kiwi
Meals:  multigrain roti
Dinner: salad",,,
234,1,"Breakfast: two boiled eggs
Meals: brown rice with chicken curry
Dinner: egg bread toast",,,
235,0,"Breakfast: Wheat dosa
Meals:  veg salad
Dinner: roti & bitter gourd curry",,,
235,1,"Breakfast: two boiled eggs
Meals: brown rice with chicken curry
Dinner: egg bread toast",,,
236,0,"Breakfast: veg soup
Meals:  Apple juice/Fat free milk
Dinner:  wheat bread toast",,,
236,1,"Breakfast: two boiled eggs
Meals: brown rice with chicken curry
Dinner: egg bread toast",,,
237,0,"Breakfast: oats
Meals: Fat free milk
Dinner: salad",,,
237,1,"Breakfast: two boiled eggs
Meals: brown rice with chicken curry
Dinner: egg bread toast",,,
238,0,"Breakfast: kiwi
Meals:  Fat free milk
Dinner: Grape juice",,,
238,1,"Breakfast: two boiled eggs
Meals: brown rice with chicken curry
Dinner: egg bread toast",,,
239,0,"Breakfast: veg soup
Meals: Mixed vegetable salad
Dinner: orange juice & dry fruits",,,
239,1,"Breakfast: two boiled eggs
Meals: brown rice with chicken curry
Dinner: egg bread toast",,,
240,0,"Breakfast: Corn flakes
Meals: Fat free milk
Dinner: dry fruits",,,
240,1,"Breakfast: two boiled eggs
Meals: brown rice with chicken curry
Dinner: egg bread toast",,,
241,0,"Breakfast: bittergaurd juice
Meals: Bajra dosa
Dinner:  whole wheat toast",,,
241,1,"Breakfast: eggs
Meals:   Multigrain Idly
Dinner: Salad & Bitter-gourd juicBreakfast: two boiled eggs
Meals: brown rice with chicken curry
Dinner: egg bread toast",,,
242,0,"Breakfast: kiwi amla juice
Meals:  multigrain roti
Dinner: salad",,,
242,1,"Breakfast: two boiled eggs
Meals: brown rice with chicken curry
Dinner: egg bread toast",,,
243,0,"Breakfast: Wheat dosa
Meals:  veg salad
Dinner: roti & bitter gourd curry",,,
243,1,"Breakfast: eggs
Meals:  veg soup
Dinner: brown rice & veggies",,,
244,0,"Breakfast: veg soup
Meals:  Apple juice/Fat free milk
Dinner:  wheat bread toast",,,
244,1,"Breakfast: two boiled eggs
Meals: brown rice with chicken curry
Dinner: egg bread toast",,,
245,0,"Breakfast: eggs
Meals: Fat free milk
Dinner: salad",,,
245,1,"Breakfast: two boiled eggs
Meals: brown rice with chicken curry
Dinner: egg bread toast",,,
246,0,"Breakfast: kiwi
Meals:  Fat free milk
Dinner: Grape juice",,,
246,1,"Breakfast: two boiled eggs
Meals: brown rice with chicken curry
Dinner: egg bread toast",,,
247,0,"Breakfast: veg soup
Meals: Mixed vegetable salad
Dinner: orange juice & dry fruits",,,
247,1,"Breakfast: two boiled eggs
Meals: brown rice with chicken curry
Dinner: egg bread toast",,,
248,0,"Breakfast: Corn flakes
Meals: Fat free milk
Dinner: dry fruits",,,
248,1,"Breakfast: two boiled eggs
Meals: brown rice with chicken curry
Dinner: egg bread toast",,,
249,0,"Breakfast: Corn flakes
Meals: Water melon juice
Dinner: ragi rooti & dal",,,
249,1,"Breakfast: two boiled eggs
Meals: brown rice with chicken curry
Dinner: egg bread toast",,,
250,0,"Breakfast: Methi paratha
Meals: Mixed vegetable salad
Dinner: Chapathi and dal",,,
250,1,"Breakfast: two boiled eggs
Meals: brown rice with chicken curry
Dinner: egg bread toast",,,
251,0,"Breakfast: Methi paratha
Meals: Mixed vegetable salad
Dinner: Chapathi and dal",,,
251,1,"Breakfast: egg toast
Meals:  brown rice with fish curry
Dinner: roti & egg curry",,,
252,0,"Breakfast: Methi paratha
Meals: Mixed vegetable salad
Dinner: Chapathi and dal",,,
252,1,"Breakfast: egg toast
Meals:  brown rice with fish curry
Dinner: roti & egg curry",,,
253,0,"Breakfast: Methi paratha
Meals: Mixed vegetable salad
Dinner: Chapathi and dal",,,
253,1,"Breakfast: egg toast
Meals:  brown rice with fish curry
Dinner: roti & egg curry",,,
254,0,"Breakfast: Methi paratha
Meals: Mixed vegetable salad
Dinner: Chapathi and dal",,,
254,1,"Breakfast: egg toast
Meals:  brown rice with fish curry
Dinner: roti & egg curry",,,
255,0,"Breakfast: Methi paratha
Meals: Mixed vegetable salad
Dinner: Chapathi and dal",,,
255,1,"Breakfast: egg toast
Meals:  brown rice with fish curry
Dinner: roti & egg curry",,,
256,0,"Breakfast: chicken soup
Meals:roti with fish curry
Dinner:  dry fruits and egg toast",,,
256,1,"Breakfast: Peanut butter & crackers
Meals:  Beans & Whole grain toast
Dinner: Grape juice & dry fruits",,,
257,0,"Breakfast: two boiled eggs
Meals:brown rice with fish curry
Dinner:egg bread toast",,,
257,1,"Breakfast: bitter gaurd juice
Meals: Brown rice & Cauliflower curry
Dinner: Grape juice & dry fruits",,,
258,0,"Breakfast: egg bread toast
Meals:  Grilledchicken brown rice
Dinner: Wheat chapathi & egg curry",,,
258,1,"Breakfast: ragi malt
Meals:  roti with vegetable curry
Dinner: Chana Dal Stir Fry",,,
259,0,"Breakfast:boiled eggs
Meals: chicken curry brown rice
Dinner: egg bread toast",,,
259,1,"Breakfast: Vegetable soup
Meals:  Smoothies
Dinner: dry fruits",,,
260,0,"Breakfast: eggs
Meals: Bajra dosa and fish curry
Dinner:  whole wheat toast or egg bread toast",,,
260,1,"Breakfast: kiwi  amla juice
Meals:   Multigrain Idly
Dinner: Salad & Bitter-gourd juice",,,
261,0,"Breakfast: egg toast
Meals:  chicken curry with methi paratha
Dinner: egg bread toast",,,
261,1,"Breakfast: veg soup
Meals: Mixed vegetable salad
Dinner: orange juice & dry fruits",,,
262,0,"Breakfast: egg bread toast
Meals:  chicken roll or roti with curry
Dinner: boiled eggs and brown rice",,,
262,1,"Breakfast: Corn flakes
Meals: Fat free milk
Dinner: dry fruits",,,
263,0,"Breakfast: Eggs
Meals: Brown rice & Chicken curry
Dinner: dry fruits and boiled eggs",,,
263,1,"Breakfast: kiwi
Meals:  Grilled sweet corn
Dinner: Wheat chapathi & mushroom curry",,,
264,0,"Breakfast: eggs
Meals:  roti with curry
Dinner: boiled eggs or egg toast",,,
264,1,"Breakfast: Methi paratha
Meals: Mixed vegetable salad
Dinner: Grape juice & dry fruits",,,
265,0,"Breakfast: chicken  soup
Meals:  chicken roll or roti 
Dinner: boiled eggs or egg toast",,,
265,1,"Breakfast: bitter gaurd juice
Meals: Bajra dosa with  curry
Dinner:  dry fruits",,,
266,0,"Breakfast: eggs
Meals: Fat free milk
Dinner: salad",,,
266,1,"Breakfast: two boiled eggs
Meals: brown rice with chicken curry
Dinner: egg bread toast",,,
267,0,"Breakfast: kiwi
Meals:  Fat free milk
Dinner: Grape juice",,,
267,1,"Breakfast: two boiled eggs
Meals: brown rice with chicken curry
Dinner: egg bread toast",,,
268,0,"Breakfast: veg soup
Meals: Mixed vegetable salad
Dinner: orange juice & dry fruits",,,
268,1,"Breakfast: two boiled eggs
Meals: brown rice with chicken curry
Dinner: egg bread toast",,,
269,0,"Breakfast: Corn flakes
Meals: Fat free milk
Dinner: dry fruits",,,
269,1,"Breakfast: two boiled eggs
Meals: brown rice with chicken curry
Dinner: egg bread toast",,,
270,0,"Breakfast: Corn flakes
Meals: Water melon juice
Dinner: ragi rooti & dal",,,
270,1,"Breakfast: two boiled eggs
Meals: brown rice with chicken curry
Dinner: egg bread toast",,,
271,0,"Breakfast: Oats 
Meals:  Amla juice
Dinner: Brown Rice & Tomato curry",,,
271,1,"Breakfast: 2 boiled eggs chicken soup
Meals: brown rice with fish curry  
Dinner: roti with egg curry",,,
272,0,"Breakfast: bitter gaurd juice
Meals:   Multigrain Idly
Dinner: Salad & dry fruits",,,
272,1,"Breakfast: chicken soup
Meals:  roti with chicken curry
Dinner: eggs and dry fruits",,,
273,0,"Breakfast: Corn flakes
Meals: veg Salad 
Dinner: Chapathi ",,,
273,1,"Breakfast: chicken noodles
Meals: chicken currywith ragi roti
Dinner: salad & dry fruits",,,
274,0,"Breakfast: Corn flakes
Meals: Salad & Water melon juice
Dinner: ragi rooti & dal",,,
274,1,"Breakfast: chicken noodles
Meals: chicken currywith ragi roti
Dinner: salad & dry fruits",,,
275,0,"Breakfast: Methi paratha
Meals: Mixed vegetable salad
Dinner: Chapathi and dal",,,
275,1,"Breakfast: chicken noodles
Meals: chicken currywith ragi roti
Dinner: salad & dry fruits",,,
276,0,"Breakfast: Bajra dosa
Meals: Salad & orange juice
Dinner: whole wheat toast",,,
276,1,"Breakfast: chicken noodles
Meals: chicken currywith ragi roti
Dinner: salad & dry fruits",,,
277,0,"Breakfast: Oats 
Meals:  Beans & Amla juice
Dinner: Brown Rice & Leaf curry",,,
277,1,"Breakfast: chicken noodles
Meals: chicken currywith ragi roti
Dinner: salad & dry fruits",,,
278,0,"Breakfast: Oats 
Meals:  Amla juice
Dinner: Brown Rice & Leaf curry",,,
278,1,"Breakfast: chicken noodles
Meals: chicken currywith ragi roti
Dinner: salad & dry fruits",,,
279,0,"Breakfast: wheat dosa
Meals:  Beans & Amla juice
Dinner: roti & Leaf curry",,,
279,1,"Breakfast: chicken noodles
Meals: chicken currywith ragi roti
Dinner: salad & dry fruits",,,
280,0,"Breakfast: kiwi
Meals:  Gilled sweet corn
Dinner: Wheat chapathi & mushroom curry",,,
280,1,"Breakfast: chicken noodles
Meals: chicken currywith ragi roti
Dinner: salad & dry fruits",,,
281,0,"Breakfast: kiwi
Meals:  Fat free milk
Dinner: Grape juice",,,
281,1,"Breakfast: egg toast
Meals:  brown rice with fish curry
Dinner: roti & egg curry",,,
282,0,"Breakfast: veg soup
Meals: Mixed vegetable salad
Dinner: orange juice & dry fruits",,,
282,1,"Breakfast: egg toast
Meals:  brown rice with fish curry
Dinner: roti & egg curry",,,
283,0,"Breakfast: Corn flakes
Meals: Fat free milk
Dinner: dry fruits",,,
283,1,"Breakfast: egg toast
Meals:  brown rice with fish curry
Dinner: roti & egg curry",,,
284,0,"Breakfast: kiwi
Meals:  Gilled corn
Dinner: Wheat chapathi & mushroom curry",,,
284,1,"Breakfast: egg toast
Meals:  brown rice with fish curry
Dinner: roti & egg curry",,,
285,0,"Breakfast: Methi paratha
Meals: Mixed vegetable salad
Dinner: Grape juice & dry fruits",,,
285,1,"Breakfast: Eggs & Veggies
Meals: Salmon salad
Dinner: Chicken soup",,,
286,0,"Breakfast: amla juice
Meals: Bajra dosa
Dinner:  whole wheat toast",,,
286,1,"Breakfast: Eggs & Veggies
Meals: Salmon salad
Dinner: Chicken soup",,,
287,0,"Breakfast: oats
Meals:  Beans & Whole grain toast
Dinner: Grape juice & dry fruits",,,
287,1,"Breakfast: Eggs & Veggies
Meals: Salmon salad
Dinner: Chicken soup",,,
288,0,"Breakfast: Peanut butter & crackers
Meals:  Beans & Whole grain toast
Dinner: Grape juice & dry fruits",,,
288,1,"Breakfast: two boiled eggs
Meals: brown rice with chicken curry
Dinner: egg bread toast",,,
289,0,"Breakfast: apple amla juice
Meals: Brown rice & Cauliflower curry
Dinner: Grape juice & dry fruits",,,
289,1,"Breakfast: two boiled eggs
Meals: brown rice with chicken curry
Dinner: egg bread toast",,,
290,0,"Breakfast: vegetable salad
Meals:  Cucumber Salad
Dinner: Chana Dal Stir Fry",,,
290,1,"Breakfast: two boiled eggs
Meals: brown rice with chicken curry
Dinner: egg bread toast",,,
291,0,"Breakfast: Methi paratha
Meals: Mixed vegetable salad
Dinner: Chapathi and dal",,,
291,1,"Breakfast: Eggs & Veggies
Meals: Salmon salad
Dinner: Chicken soup",,,
292,0,"Breakfast: Bajra dosa
Meals: Salad & orange juice
Dinner: whole wheat toast",,,
292,1,"Breakfast: Eggs & Veggies
Meals: Salmon salad
Dinner: Chicken soup",,,
293,0,"Breakfast: Oats 
Meals:  Beans & Amla juice
Dinner: Brown Rice & Leaf curry",,,
293,1,"Breakfast: Eggs & Veggies
Meals: Salmon salad
Dinner: Chicken soup",,,
294,0,"Breakfast: Oats 
Meals:  Beans & Amla juice
Dinner: Brown Rice & Leaf curry",,,
294,1,"Breakfast: Eggs & Veggies
Meals: Salmon salad
Dinner: Chicken soup",,,
295,0,"Breakfast: kiwi
Meals:  Fat free milk
Dinner: Rice & mushroom curry",,,
295,1,"Breakfast: Eggs & Veggies
Meals: Salmon salad
Dinner: Chicken soup",,,
296,0,"Breakfast: kiwi
Meals:  Fat free milk
Dinner: Rice & mushroom curry",,,
296,1,"Breakfast: Eggs & Veggies
Meals: Salmon salad
Dinner: Chicken soup",,,
297,0,"Breakfast: Corn flakes
Meals: Salad & Bitter-gourd juice
Dinner: Chapathi and dal",,,
297,1,"Breakfast: Eggs & Veggies
Meals: Salmon salad
Dinner: Chicken soup",,,
298,0,"Breakfast: Oats Upma
Meals: Cucumber Salad
Dinner: Chana Dal Stir Fry",,,
298,1,"Breakfast: Eggs & Veggies
Meals: Salmon salad
Dinner: Chicken soup",,,
299,0,"Breakfast: Corn flakes
Meals: Salad & Bitter-gourd juice
Dinner: roti with curry",,,
299,1,"Breakfast: Bajra dosa
Meals: Salad & orange juice
Dinner: whole wheat toasBreakfast: Eggs & Veggies
Meals: Salmon salad
Dinner: Chicken soup",,,
300,0,"Breakfast: Oats 
Meals:  Beans & Amla juice
Dinner: Brown Rice &  curry",,,
300,1,"Breakfast: Whole wheat pancake
Meals: Grilled chicken
Dinner: Chicken curry",,,
301,0,"Breakfast: Methi paratha
Meals: Mixed vegetable salad
Dinner: Chapathi and dal",,,
301,1,"Breakfast: Eggs & Veggies
Meals: Salmon salad
Dinner: Chicken soup",,,
302,0,"Breakfast: Bajra dosa
Meals: Salad & orange juice
Dinner: whole wheat toast",,,
302,1,"Breakfast: Eggs & Veggies
Meals: Salmon salad
Dinner: Chicken soup",,,
303,0,"Breakfast: Oats 
Meals:  Beans & Amla juice
Dinner: Brown Rice & Leaf curry",,,
303,1,"Breakfast: Eggs & Veggies
Meals: Salmon salad
Dinner: Chicken soup",,,
304,0,"Breakfast: Oats 
Meals:  Beans & Amla juice
Dinner: Brown Rice & Leaf curry",,,
304,1,"Breakfast: Eggs & Veggies
Meals: Salmon salad
Dinner: Chicken soup",,,
305,0,"Breakfast: kiwi
Meals:  Fat free milk
Dinner: Rice & mushroom curry",,,
305,1,"Breakfast: Eggs & Veggies
Meals: Salmon salad
Dinner: Chicken soup",,,
306,0,"Breakfast: kiwi
Meals:  Fat free milk
Dinner: Rice & mushroom curry",,,
306,1,"Breakfast: Eggs & Veggies
Meals: Salmon salad
Dinner: Chicken soup",,,
307,0,"Breakfast: Corn flakes
Meals: Salad & Bitter-gourd juice
Dinner: Chapathi and dal",,,
307,1,"Breakfast: Eggs & Veggies
Meals: Salmon salad
Dinner: Chicken soup",,,
308,0,"Breakfast: Oats Upma
Meals: Cucumber Salad
Dinner: Chana Dal Stir Fry",,,
308,1,"Breakfast: Eggs & Veggies
Meals: Salmon salad
Dinner: Chicken soup",,,
309,0,"Breakfast: Corn flakes
Meals: Salad & Bitter-gourd juice
Dinner: roti with curry",,,
309,1,"Breakfast: Bajra dosa
Meals: Salad & orange juice
Dinner: whole wheat toasBreakfast: Eggs & Veggies
Meals: Salmon salad
Dinner: Chicken soup",,,
310,0,"Breakfast: Oats 
Meals:  Beans & Amla juice
Dinner: Brown Rice &  curry",,,
310,1,"Breakfast: Whole wheat pancake
Meals: Grilled chicken
Dinner: Chicken curry",,,
311,0,"Breakfast: ragi malt
Meals: Bajra dosa with curry 
Dinner:  whole wheat toast",,,
311,1,"Breakfast: egg toast
Meals:   Multigrain Idly with chicken curry
Dinner: roti with egg curry",,,
312,0,"Breakfast: oats
Meals:  Beans & Whole grain toast
Dinner: Grape juice & dry fruits",,,
312,1,"Breakfast: chicken  soup
Meals: chicken curry with brown rice
Dinner: roti with egg curry",,,
313,0,"Breakfast: Peanut butter & crackers
Meals:  Beans & Whole grain toast
Dinner: Grape juice & dry fruits",,,
313,1,"Breakfast: eggs
Meals: Fat free milk roti chicken curry
Dinner: dry fruits egg toast",,,
314,0,"Breakfast: bitter gaurd juice or ragi malt
Meals: Brown rice & Cauliflower curry
Dinner: Grape juice & dry fruits",,,
314,1,"Breakfast: chicken soup
Meals:  Grilled chicke roti
Dinner: Wheat chapathi & chickencurry",,,
315,0,"Breakfast: methi paratha
Meals:  Cucumber Salad brown rice rasam
Dinner: Chana Dal Stir Fry",,,
315,1,"Breakfast: chicken soup or egg bread toast
Meals: ragi ball with chicken curry
Dinner: roti with curry",,,
316,0,"Breakfast: Vegetable soup
Meals:  Smoothies
Dinner: dry fruits",,,
316,1,"Breakfast: eggs
Meals: Bajra dosa and fish curry
Dinner:  whole wheat toast egg toast",,,
317,0,"Breakfast: ragi malt
Meals:   Multigrain Idly
Dinner: Salad & Bitter-gourd juice",,,
317,1,"Breakfast: boiled eggs
Meals:  roti with chicken curry
Dinner: Wheat chapathi & egg curry",,,
318,0,"Breakfast: bitter gaurd juice or cucumber salad
Meals: brown rice
Dinner: Chana Dal Stir Fry",,,
318,1,"Breakfast: boiled eggs
Meals: roti brown rice with fish curry
Dinner: egg bread toast",,,
319,0,"Breakfast: Vegetable soup
Meals:  Smoothies
Dinner: dry fruits",,,
319,1,"Breakfast: eggs
Meals: Bajra dosa with egg curry
Dinner:  whole wheat toast chicken soup",,,
320,0,"Breakfast: kiwi or vegetable soup
Meals:   Multigrain Idly
Dinner: Salad & Bitter-gourd juice",,,
320,1,"Breakfast: eggs
Meals:  multigrain roti with fish curry
Dinner: egg bread toast",,,
321,0,"Breakfast: bajara idly
Meals:  brown rice
Dinner: roti & mushroom curry",,,
321,1,"Breakfast: egg toast
Meals:  brown rice with fish curry
Dinner: roti & egg curry",,,
322,0,"Breakfast: bitter gaurd juice or amla juice
Meals:  veg soup
Dinner: brown rice & veggies",,,
322,1,"Breakfast: chicken soup
Meals:  roti with chicken or fish curry
Dinner:  egg bread toast",,,
323,0,"Breakfast: oats
Meals: wheat bread & Orange juice
Dinner: roti",,,
323,1,"Breakfast: eggs
Meals: paratha with egg curry
Dinner: boiled eggs and roti",,,
324,0,"Breakfast: kiwi
Meals:  multigrain dosa
Dinner: salad",,,
324,1,"Breakfast: two boiled eggs 
Meals:  brown rice and chicken curry
Dinner: egg or chicken bread toast",,,
325,0,"Breakfast: oats
Meals:  Beans & Whole grain toast
Dinner: Grape juice & dry fruits",,,
325,1,"Breakfast: chicken soup
Meals:roti with fish curry
Dinner:  dry fruits and egg toast",,,
326,0,"Breakfast: Peanut butter & crackers
Meals:  Beans & Whole grain toast
Dinner: Grape juice & dry fruits",,,
326,1,"Breakfast: two boiled eggs
Meals:brown rice with fish curry
Dinner:egg bread toast",,,
327,0,"Breakfast: bitter gaurd juice
Meals: Brown rice & Cauliflower curry
Dinner: Grape juice & dry fruits",,,
327,1,"Breakfast: egg bread toast
Meals:  Grilledchicken brown rice
Dinner: Wheat chapathi & egg curry",,,
328,0,"Breakfast: ragi malt
Meals:  roti with vegetable curry
Dinner: Chana Dal Stir Fry",,,
328,1,"Breakfast:boiled eggs
Meals: chicken curry brown rice
Dinner: egg bread toast",,,
329,0,"Breakfast: Vegetable soup
Meals:  Smoothies
Dinner: dry fruits",,,
329,1,"Breakfast: eggs
Meals: Bajra dosa and fish curry
Dinner:  whole wheat toast or egg bread toast",,,
330,0,"Breakfast: kiwi  amla juice
Meals:   Multigrain Idly
Dinner: Salad & Bitter-gourd juice",,,
330,1,"Breakfast: egg toast
Meals:  chicken curry with methi paratha
Dinner: egg bread toast",,,
331,0,"Breakfast: egg toast
Meals:  chicken curry with methi paratha
Dinner: egg bread toast",,,
331,1,"Breakfast: veg soup
Meals: Mixed vegetable salad
Dinner: orange juice & dry fruits",,,
332,0,"Breakfast: egg bread toast
Meals:  chicken roll or roti with curry
Dinner: boiled eggs and brown rice",,,
332,1,"Breakfast: Corn flakes
Meals: Fat free milk
Dinner: dry fruits",,,
333,0,"Breakfast: Eggs
Meals: Brown rice & Chicken curry
Dinner: dry fruits and boiled eggs",,,
333,1,"Breakfast: kiwi
Meals:  Grilled sweet corn
Dinner: Wheat chapathi & mushroom curry",,,
334,0,"Breakfast: eggs
Meals:  roti with curry
Dinner: boiled eggs or egg toast",,,
334,1,"Breakfast: Methi paratha
Meals: Mixed vegetable salad
Dinner: Grape juice & dry fruits",,,
335,0,"Breakfast: chicken  soup
Meals:  chicken roll or roti 
Dinner: boiled eggs or egg toast",,,
335,1,"Breakfast: bitter gaurd juice
Meals: Bajra dosa with  curry
Dinner:  dry fruits",,,
336,0,"Breakfast: eggs
Meals: Fat free milk
Dinner: salad",,,
336,1,"Breakfast: two boiled eggs
Meals: brown rice with chicken curry
Dinner: egg bread toast",,,
337,0,"Breakfast: kiwi
Meals:  Fat free milk
Dinner: Grape juice",,,
337,1,"Breakfast: two boiled eggs
Meals: brown rice with chicken curry
Dinner: egg bread toast",,,
338,0,"Breakfast: veg soup
Meals: Mixed vegetable salad
Dinner: orange juice & dry fruits",,,
338,1,"Breakfast: two boiled eggs
Meals: brown rice with chicken curry
Dinner: egg bread toast",,,
339,0,"Breakfast: Corn flakes
Meals: Fat free milk
Dinner: dry fruits",,,
339,1,"Breakfast: two boiled eggs
Meals: brown rice with chicken curry
Dinner: egg bread toast",,,
340,0,"Breakfast: Corn flakes
Meals: Water melon juice
Dinner: ragi rooti & dal",,,
340,1,"Breakfast: two boiled eggs
Meals: brown rice with chicken curry
Dinner: egg bread toast",,,
341,0,"Breakfast: ragi malt
Meals: Bajra dosa with curry 
Dinner:  whole wheat toast",,,
341,1,"Breakfast: egg toast
Meals:   Multigrain Idly with chicken curry
Dinner: roti with egg curry",,,
342,0,"Breakfast: oats
Meals:  Beans & Whole grain toast
Dinner: Grape juice & dry fruits",,,
342,1,"Breakfast: chicken  soup
Meals: chicken curry with brown rice
Dinner: roti with egg curry",,,
343,0,"Breakfast: Peanut butter & crackers
Meals:  Beans & Whole grain toast
Dinner: Grape juice & dry fruits",,,
343,1,"Breakfast: eggs
Meals: Fat free milk roti chicken curry
Dinner: dry fruits egg toast",,,
344,0,"Breakfast: bitter gaurd juice or ragi malt
Meals: Brown rice & Cauliflower curry
Dinner: Grape juice & dry fruits",,,
344,1,"Breakfast: chicken soup
Meals:  Grilled chicke roti
Dinner: Wheat chapathi & chickencurry",,,
345,0,"Breakfast: methi paratha
Meals:  Cucumber Salad brown rice rasam
Dinner: Chana Dal Stir Fry",,,
345,1,"Breakfast: chicken soup or egg bread toast
Meals: ragi ball with chicken curry
Dinner: roti with curry",,,
346,0,"Breakfast: Vegetable soup
Meals:  Smoothies
Dinner: dry fruits",,,
346,1,"Breakfast: eggs
Meals: Bajra dosa and fish curry
Dinner:  whole wheat toast egg toast",,,
347,0,"Breakfast: ragi malt
Meals:   Multigrain Idly
Dinner: Salad & Bitter-gourd juice",,,
347,1,"Breakfast: boiled eggs
Meals:  roti with chicken curry
Dinner: Wheat chapathi & egg curry",,,
348,0,"Breakfast: bitter gaurd juice or cucumber salad
Meals: brown rice
Dinner: Chana Dal Stir Fry",,,
348,1,"Breakfast: boiled eggs
Meals: roti brown rice with fish curry
Dinner: egg bread toast",,,
349,0,"Breakfast: Vegetable soup
Meals:  Smoothies
Dinner: dry fruits",,,
349,1,"Breakfast: eggs
Meals: Bajra dosa with egg curry
Dinner:  whole wheat toast chicken soup",,,
350,0,"Breakfast: kiwi or vegetable soup
Meals:   Multigrain Idly
Dinner: Salad & Bitter-gourd juice",,,
350,1,"Breakfast: eggs
Meals:  multigrain roti with fish curry
Dinner: egg bread toast",,,
351,0,"Breakfast: Methi paratha
Meals: Mixed vegetable salad
Dinner: Chapathi and dal",,,
351,1,"Breakfast: egg toast
Meals:  brown rice with fish curry
Dinner: roti & egg curry",,, 
352,0,"Breakfast: Methi paratha
Meals: Mixed vegetable salad
Dinner: Chapathi and dal",,,
352,1,"Breakfast: egg toast
Meals:  brown rice with fish curry
Dinner: roti & egg curry",,,
353,0,"Breakfast: Methi paratha
Meals: Mixed vegetable salad
Dinner: Chapathi and dal",,,
353,1,"Breakfast: egg toast
Meals:  brown rice with fish curry
Dinner: roti & egg curry",,,
354,0,"Breakfast: Methi paratha
Meals: Mixed vegetable salad
Dinner: Chapathi and dal",,,
354,1,"Breakfast: egg toast
Meals:  brown rice with fish curry
Dinner: roti & egg curry",,,
355,0,"Breakfast: Methi paratha
Meals: Mixed vegetable salad
Dinner: Chapathi and dal",,,
355,1,"Breakfast: egg toast
Meals:  brown rice with fish curry
Dinner: roti & egg curry",,,
356,0,"Breakfast: chicken soup
Meals:roti with fish curry
Dinner:  dry fruits and egg toast",,,
356,1,"Breakfast: Peanut butter & crackers
Meals:  Beans & Whole grain toast
Dinner: Grape juice & dry fruits",,,
357,0,"Breakfast: two boiled eggs
Meals:brown rice with fish curry
Dinner:egg bread toast",,,
357,1,"Breakfast: bitter gaurd juice
Meals: Brown rice & Cauliflower curry
Dinner: Grape juice & dry fruits",,,
358,0,"Breakfast: egg bread toast
Meals:  Grilledchicken brown rice
Dinner: Wheat chapathi & egg curry",,,
358,1,"Breakfast: ragi malt
Meals:  roti with vegetable curry
Dinner: Chana Dal Stir Fry",,,
359,0,"Breakfast:boiled eggs
Meals: chicken curry brown rice
Dinner: egg bread toast",,,
359,1,"Breakfast: Vegetable soup
Meals:  Smoothies
Dinner: dry fruits",,,
360,0,"Breakfast: eggs
Meals: Bajra dosa and fish curry
Dinner:  whole wheat toast or egg bread toast",,,
360,1,"Breakfast: kiwi  amla juice
Meals:   Multigrain Idly
Dinner: Salad & Bitter-gourd juice",,,
361,0,"Breakfast: egg toast
Meals:  chicken curry with methi paratha
Dinner: egg bread toast",,,
361,1,"Breakfast: veg soup
Meals: Mixed vegetable salad
Dinner: orange juice & dry fruits",,,
362,0,"Breakfast: egg bread toast
Meals:  chicken roll or roti with curry
Dinner: boiled eggs and brown rice",,,
362,1,"Breakfast: Corn flakes
Meals: Fat free milk
Dinner: dry fruits",,,
363,0,"Breakfast: Eggs
Meals: Brown rice & Chicken curry
Dinner: dry fruits and boiled eggs",,,
363,1,"Breakfast: kiwi
Meals:  Grilled sweet corn
Dinner: Wheat chapathi & mushroom curry",,,
364,0,"Breakfast: eggs
Meals:  roti with curry
Dinner: boiled eggs or egg toast",,,
364,1,"Breakfast: Methi paratha
Meals: Mixed vegetable salad
Dinner: Grape juice & dry fruits",,,
365,0,"Breakfast: chicken  soup
Meals:  chicken roll or roti 
Dinner: boiled eggs or egg toast",,,
365,1,"Breakfast: bitter gaurd juice
Meals: Bajra dosa with  curry
Dinner:  dry fruits",,,
366,0,"Breakfast: eggs
Meals: Fat free milk
Dinner: salad",,,
366,1,"Breakfast: two boiled eggs
Meals: brown rice with chicken curry
Dinner: egg bread toast",,,
367,0,"Breakfast: kiwi
Meals:  Fat free milk
Dinner: Grape juice",,,
367,1,"Breakfast: two boiled eggs
Meals: brown rice with chicken curry
Dinner: egg bread toast",,,
368,0,"Breakfast: veg soup
Meals: Mixed vegetable salad
Dinner: orange juice & dry fruits",,,
368,1,"Breakfast: two boiled eggs
Meals: brown rice with chicken curry
Dinner: egg bread toast",,,
369,0,"Breakfast: Corn flakes
Meals: Fat free milk
Dinner: dry fruits",,,
369,1,"Breakfast: two boiled eggs
Meals: brown rice with chicken curry
Dinner: egg bread toast",,,
370,0,"Breakfast: Corn flakes
Meals: Water melon juice
Dinner: ragi rooti & dal",,,
370,1,"Breakfast: two boiled eggs
Meals: brown rice with chicken curry
Dinner: egg bread toast",,,
371,0,"Breakfast: Methi paratha
Meals: Mixed vegetable salad
Dinner: Chapathi and dal",,,
371,1,"Breakfast: egg toast
Meals:  brown rice with fish curry
Dinner: roti & egg curry",,,
372,0,"Breakfast: Methi paratha
Meals: Mixed vegetable salad
Dinner: Chapathi and dal",,,
372,1,"Breakfast: egg toast
Meals:  brown rice with fish curry
Dinner: roti & egg curry",,,
373,0,"Breakfast: Methi paratha
Meals: Mixed vegetable salad
Dinner: Chapathi and dal",,,
373,1,"Breakfast: egg toast
Meals:  brown rice with fish curry
Dinner: roti & egg curry",,,
374,0,"Breakfast: Methi paratha
Meals: Mixed vegetable salad
Dinner: Chapathi and dal",,,
374,1,"Breakfast: egg toast
Meals:  brown rice with fish curry
Dinner: roti & egg curry",,,
375,0,"Breakfast: Methi paratha
Meals: Mixed vegetable salad
Dinner: Chapathi and dal",,,
375,1,"Breakfast: egg toast
Meals:  brown rice with fish curry
Dinner: roti & egg curry",,,
376,0,"Breakfast: chicken soup
Meals:roti with fish curry
Dinner:  dry fruits and egg toast",,,
376,1,"Breakfast: Peanut butter & crackers
Meals:  Beans & Whole grain toast
Dinner: Grape juice & dry fruits",,,
377,0,"Breakfast: two boiled eggs
Meals:brown rice with fish curry
Dinner:egg bread toast",,,
377,1,"Breakfast: bitter gaurd juice
Meals: Brown rice & Cauliflower curry
Dinner: Grape juice & dry fruits",,,
378,0,"Breakfast: egg bread toast
Meals:  Grilledchicken brown rice
Dinner: Wheat chapathi & egg curry",,,
378,1,"Breakfast: ragi malt
Meals:  roti with vegetable curry
Dinner: Chana Dal Stir Fry",,,
379,0,"Breakfast:boiled eggs
Meals: chicken curry brown rice
Dinner: egg bread toast",,,
379,1,"Breakfast: Vegetable soup
Meals:  Smoothies
Dinner: dry fruits",,,
380,0,"Breakfast: eggs
Meals: Bajra dosa and fish curry
Dinner:  whole wheat toast or egg bread toast",,,
380,1,"Breakfast: kiwi  amla juice
Meals:   Multigrain Idly
Dinner: Salad & Bitter-gourd juice",,,
381,0,"Breakfast: egg toast
Meals:  chicken curry with methi paratha
Dinner: egg bread toast",,,
381,1,"Breakfast: veg soup
Meals: Mixed vegetable salad
Dinner: orange juice & dry fruits",,,
382,0,"Breakfast: egg bread toast
Meals:  chicken roll or roti with curry
Dinner: boiled eggs and brown rice",,,
382,1,"Breakfast: Corn flakes
Meals: Fat free milk
Dinner: dry fruits",,,
383,0,"Breakfast: Eggs
Meals: Brown rice & Chicken curry
Dinner: dry fruits and boiled eggs",,,
383,1,"Breakfast: kiwi
Meals:  Grilled sweet corn
Dinner: Wheat chapathi & mushroom curry",,,
384,0,"Breakfast: eggs
Meals:  roti with curry
Dinner: boiled eggs or egg toast",,,
384,1,"Breakfast: Methi paratha
Meals: Mixed vegetable salad
Dinner: Grape juice & dry fruits",,,
385,0,"Breakfast: chicken  soup
Meals:  chicken roll or roti 
Dinner: boiled eggs or egg toast",,,
385,1,"Breakfast: bitter gaurd juice
Meals: Bajra dosa with  curry
Dinner:  dry fruits",,,
386,0,"Breakfast: eggs
Meals: Fat free milk
Dinner: salad",,,
386,1,"Breakfast: two boiled eggs
Meals: brown rice with chicken curry
Dinner: egg bread toast",,,
387,0,"Breakfast: kiwi
Meals:  Fat free milk
Dinner: Grape juice",,,
387,1,"Breakfast: two boiled eggs
Meals: brown rice with chicken curry
Dinner: egg bread toast",,,
388,0,"Breakfast: veg soup
Meals: Mixed vegetable salad
Dinner: orange juice & dry fruits",,,
388,1,"Breakfast: two boiled eggs
Meals: brown rice with chicken curry
Dinner: egg bread toast",,,
389,0,"Breakfast: Corn flakes
Meals: Fat free milk
Dinner: dry fruits",,,
389,1,"Breakfast: two boiled eggs
Meals: brown rice with chicken curry
Dinner: egg bread toast",,,
390,0,"Breakfast: Corn flakes
Meals: Water melon juice
Dinner: ragi rooti & dal",,,
390,1,"Breakfast: two boiled eggs
Meals: brown rice with chicken curry
Dinner: egg bread toast",,,
391,0,"Breakfast: bittergaurd juice
Meals: Bajra dosa
Dinner:  whole wheat toast",,,
391,1,"Breakfast: eggs
Meals:   Multigrain Idly
Dinner: Salad & Bitter-gourd juicBreakfast: two boiled eggs
Meals: brown rice with chicken curry
Dinner: egg bread toast",,,
392,0,"Breakfast: kiwi amla juice
Meals:  multigrain roti
Dinner: salad",,,
392,1,"Breakfast: two boiled eggs
Meals: brown rice with chicken curry
Dinner: egg bread toast",,,
393,0,"Breakfast: Wheat dosa
Meals:  veg salad
Dinner: roti & bitter gourd curry",,,
393,1,"Breakfast: eggs
Meals:  veg soup
Dinner: brown rice & veggies",,,
394,0,"Breakfast: veg soup
Meals:  Apple juice/Fat free milk
Dinner:  wheat bread toast",,,
394,1,"Breakfast: two boiled eggs
Meals: brown rice with chicken curry
Dinner: egg bread toast",,,
395,0,"Breakfast: eggs
Meals: Fat free milk
Dinner: salad",,,
395,1,"Breakfast: two boiled eggs
Meals: brown rice with chicken curry
Dinner: egg bread toast",,,
396,0,"Breakfast: kiwi
Meals:  Fat free milk
Dinner: Grape juice",,,
396,1,"Breakfast: two boiled eggs
Meals: brown rice with chicken curry
Dinner: egg bread toast",,,
397,0,"Breakfast: veg soup
Meals: Mixed vegetable salad
Dinner: orange juice & dry fruits",,,
397,1,"Breakfast: two boiled eggs
Meals: brown rice with chicken curry
Dinner: egg bread toast",,,
398,0,"Breakfast: Corn flakes
Meals: Fat free milk
Dinner: dry fruits",,,
398,1,"Breakfast: two boiled eggs
Meals: brown rice with chicken curry
Dinner: egg bread toast",,,
399,0,"Breakfast: Corn flakes
Meals: Water melon juice
Dinner: ragi rooti & dal",,,
399,1,"Breakfast: two boiled eggs
Meals: brown rice with chicken curry
Dinner: egg bread toast",,,
400,0,"Breakfast: Methi paratha
Meals: Mixed vegetable salad
Dinner: Chapathi and dal",,,
400,1,"Breakfast: two boiled eggs
Meals: brown rice with chicken curry
Dinner: egg bread toast",,,
